,JID,integrated_DOS,S_vib,Cp
0,JVASP-1076,3.015254282375598,245.357834628495,24.84006108025616
